NhsNumber,Name,DateOfBirth,SessionDate,StartTime,RegisteredPracticeName,Address,VaccineDose
889811349,Test Patient U16 1st,29/02/2020,20/01/2021,08:30,Test General Medical Practice,"123 Test Street, Bedford, BD12 3AD",First
171336314,Test Patient U18 1st,03/08/2004,20/01/2021,08:40,Test General Medical Practice,"124 Test Street, Bedford, BD12 3AD",First
197851747,Test Patient U40 1st,14/06/1998,20/01/2021,08:50,Test General Medical Practice,"125 Test Street, Bedford, BD12 3AD",First
251290912,Test Patient U16 1st,21/07/2014,20/01/2021,09:00,Test General Medical Practice,"126 Test Street, Bedford, BD12 3AD",First
138794377,Test Patient,18/02/1934,20/01/2021,09:10,Test General Medical Practice,"127 Test Street, Bedford, BD12 3AD",First
684496401,Test Patient,20/03/1951,20/01/2021,09:20,Test General Medical Practice,"128 Test Street, Bedford, BD12 3AD",First
280602999,Test Patient,21/09/1977,20/01/2021,09:30,Test General Medical Practice,"129 Test Street, Bedford, BD12 3AD",First
696014651,Test Patient,02/12/1988,20/01/2021,09:40,Test General Medical Practice,"130 Test Street, Bedford, BD12 3AD",First
999596593,Test Patient,30/08/1986,20/01/2021,09:50,Test General Medical Practice,"131 Test Street, Bedford, BD12 3AD",Second
688948191,Test Patient U16 2nd,29/02/2020,20/01/2021,10:00,Test General Medical Practice,"132 Test Street, Bedford, BD12 3AD",Second
371062034,Test Patient U40 2nd,14/06/1998,20/01/2021,10:10,Test General Medical Practice,"133 Test Street, Bedford, BD12 3AD",Second
722063876,Test Patient,25/11/1930,20/01/2021,10:20,Test General Medical Practice,"134 Test Street, Bedford, BD12 3AD",Second
151432123,Test Patient,07/12/1944,20/01/2021,10:30,Test General Medical Practice,"135 Test Street, Bedford, BD12 3AD",Second
41337996,Test Patient,02/11/1978,20/01/2021,10:40,Test General Medical Practice,"136 Test Street, Bedford, BD12 3AD",Second
90079148,Test Patient,21/07/1929,20/01/2021,10:50,Test General Medical Practice,"137 Test Street, Bedford, BD12 3AD",Second
380315136,Test Patient,17/03/1965,20/01/2021,11:00,Test General Medical Practice,"138 Test Street, Bedford, BD12 3AD",Second
739687046,Test Patient,25/03/1968,20/01/2021,11:10,Test General Medical Practice,"139 Test Street, Bedford, BD12 3AD",Second
756766738,Test Patient,17/06/1958,20/01/2021,11:20,Test General Medical Practice,"140 Test Street, Bedford, BD12 3AD",Second
900679219,Test Patient,13/12/1970,20/01/2021,11:30,Test General Medical Practice,"141 Test Street, Bedford, BD12 3AD",Second
349888464,Test Patient,29/08/1948,20/01/2021,11:40,Test General Medical Practice,"142 Test Street, Bedford, BD12 3AD",Second
835258980,Test Patient,30/01/1924,20/01/2021,11:50,Test General Medical Practice,"143 Test Street, Bedford, BD12 3AD",Second
451757567,Test Patient,31/10/1942,20/01/2021,12:00,Test General Medical Practice,"144 Test Street, Bedford, BD12 3AD",Second
