NhsNumber,Name,DateOfBirth,SessionDate,StartTime,RegisteredPracticeName,Address,FirstDoseDate,FirstDosetype,FirstDoseBatchNo
889811349,Hassan Riddle,21/03/2010,20/01/2021,08:30,Test General Medical Practice,"123 Test Street, Bedford, BD12 3AD",,,
171336314,Priscilla Gomez,03/08/1946,20/01/2021,08:40,Test General Medical Practice,"124 Test Street, Bedford, BD12 3AD",21/01/2021,Pfizer,3RHY6
197851747,Hayden Wilkes,14/06/1998,20/01/2021,08:50,Test General Medical Practice,"125 Test Street, Bedford, BD12 3AD",21/01/2021,Pfizer,3RHY6
251290912,Alannah Mullen,21/07/2014,20/01/2021,09:00,Test General Medical Practice,"126 Test Street, Bedford, BD12 3AD",21/01/2021,Pfizer,3RHY6
138794377,Zayan Osborne,18/02/1934,20/01/2021,09:10,Test General Medical Practice,"127 Test Street, Bedford, BD12 3AD",,Pfizer,3RHY6
684496401,Percy Macgregor,20/03/1951,20/01/2021,09:20,Test General Medical Practice,"128 Test Street, Bedford, BD12 3AD",21/01/2021,,3RHY6
280602999,Momina Ellis,21/09/1977,20/01/2021,09:30,Test General Medical Practice,"129 Test Street, Bedford, BD12 3AD",21/01/2021,,
696014651,Dottie Cooper,02/12/1988,20/01/2021,09:40,Test General Medical Practice,"130 Test Street, Bedford, BD12 3AD",,,
999596593,Loretta Mustafa,30/08/1986,20/01/2021,09:50,Test General Medical Practice,"131 Test Street, Bedford, BD12 3AD",,,
688948191,Abby Millington,20/08/1947,20/01/2021,10:00,Test General Medical Practice,"132 Test Street, Bedford, BD12 3AD",,,
371062034,Reeva Smith,17/11/1928,20/01/2021,10:10,Test General Medical Practice,"133 Test Street, Bedford, BD12 3AD",,,
722063876,Anne Whitmore,25/11/1930,20/01/2021,10:20,Test General Medical Practice,"134 Test Street, Bedford, BD12 3AD",,,
151432123,Kris Fields,07/12/1944,20/01/2021,10:30,Test General Medical Practice,"135 Test Street, Bedford, BD12 3AD",,,
41337996,Sabrina Hampton,02/11/1978,20/01/2021,10:40,Test General Medical Practice,"136 Test Street, Bedford, BD12 3AD",,,
90079148,Ethel Knapp,21/07/1929,20/01/2021,10:50,Test General Medical Practice,"137 Test Street, Bedford, BD12 3AD",,,
380315136,Nel Bishop,17/03/1965,20/01/2021,11:00,Test General Medical Practice,"138 Test Street, Bedford, BD12 3AD",,,
739687046,Matt Owens,25/03/1968,20/01/2021,11:10,Test General Medical Practice,"139 Test Street, Bedford, BD12 3AD",,,
756766738,Jimmy Connelly,17/06/1958,20/01/2021,11:20,Test General Medical Practice,"140 Test Street, Bedford, BD12 3AD",,,
900679219,Leona Witt,13/12/1970,20/01/2021,11:30,Test General Medical Practice,"141 Test Street, Bedford, BD12 3AD",,,
349888464,Karina Rowland,29/08/1948,20/01/2021,11:40,Test General Medical Practice,"142 Test Street, Bedford, BD12 3AD",,,
835258980,Neave Yang,30/01/1924,20/01/2021,11:50,Test General Medical Practice,"143 Test Street, Bedford, BD12 3AD",,,
451757567,Bartosz Murphy,31/10/1942,20/01/2021,12:00,Test General Medical Practice,"144 Test Street, Bedford, BD12 3AD",,,
